{
  "titulo": "Noche de Rock 2025",
  "banda": "Los Sonantes",
  "tipoRecital": "rock",
  "canciones": [
    {
      "titulo": "Amanecer Eléctrico",
      "rolesRequeridos": {
        "Cantante": 1,
        "Guitarrista": 1,
        "Baterista": 1
      }
    },
    {
      "titulo": "Río de Fuego",
      "rolesRequeridos": {
        "Cantante": 1,
        "Tecladista": 1
      }
    },
    {
      "titulo": "Luz en la Tormenta",
      "rolesRequeridos": {
        "Guitarrista": 2,
        "Baterista": 1
      }
    }
  ]
}
